company,contact,email,region,industry
Synthetic Municipality 0,Contact 0,synthetic0@example.test,Region 0,municipality
Synthetic Municipality 1,Contact 1,synthetic1@example.test,Region 1,municipality
Synthetic Municipality 2,Contact 2,synthetic2@example.test,Region 2,municipality
Synthetic Municipality 3,Contact 3,synthetic3@example.test,Region 3,municipality
Synthetic Municipality 4,Contact 4,synthetic4@example.test,Region 4,municipality
Synthetic Municipality 5,Contact 5,synthetic5@example.test,Region 0,municipality
Synthetic Municipality 6,Contact 6,synthetic6@example.test,Region 1,municipality
Synthetic Municipality 7,Contact 7,synthetic7@example.test,Region 2,municipality
Synthetic Municipality 8,Contact 8,synthetic8@example.test,Region 3,municipality
Synthetic Municipality 9,Contact 9,synthetic9@example.test,Region 4,municipality
Synthetic Municipality 10,Contact 10,synthetic10@example.test,Region 0,municipality
Synthetic Municipality 11,Contact 11,synthetic11@example.test,Region 1,municipality
Synthetic Municipality 12,Contact 12,synthetic12@example.test,Region 2,municipality
Synthetic Municipality 13,Contact 13,synthetic13@example.test,Region 3,municipality
Synthetic Municipality 14,Contact 14,synthetic14@example.test,Region 4,municipality
Synthetic Municipality 15,Contact 15,synthetic15@example.test,Region 0,municipality
Synthetic Municipality 16,Contact 16,synthetic16@example.test,Region 1,municipality
Synthetic Municipality 17,Contact 17,synthetic17@example.test,Region 2,municipality
Synthetic Municipality 18,Contact 18,synthetic18@example.test,Region 3,municipality
Synthetic Municipality 19,Contact 19,synthetic19@example.test,Region 4,municipality
Synthetic Municipality 20,Contact 20,synthetic20@example.test,Region 0,municipality
Synthetic Municipality 21,Contact 21,synthetic21@example.test,Region 1,municipality
Synthetic Municipality 22,Contact 22,synthetic22@example.test,Region 2,municipality
Synthetic Municipality 23,Contact 23,synthetic23@example.test,Region 3,municipality
Synthetic Municipality 24,Contact 24,synthetic24@example.test,Region 4,municipality
Synthetic Municipality 25,Contact 25,synthetic25@example.test,Region 0,municipality
Synthetic Municipality 26,Contact 26,synthetic26@example.test,Region 1,municipality
Synthetic Municipality 27,Contact 27,synthetic27@example.test,Region 2,municipality
Synthetic Municipality 28,Contact 28,synthetic28@example.test,Region 3,municipality
Synthetic Municipality 29,Contact 29,synthetic29@example.test,Region 4,municipality
Synthetic Municipality 30,Contact 30,synthetic30@example.test,Region 0,municipality
Synthetic Municipality 31,Contact 31,synthetic31@example.test,Region 1,municipality
Synthetic Municipality 32,Contact 32,synthetic32@example.test,Region 2,municipality
Synthetic Municipality 33,Contact 33,synthetic33@example.test,Region 3,municipality
Synthetic Municipality 34,Contact 34,synthetic34@example.test,Region 4,municipality
Synthetic Municipality 35,Contact 35,synthetic35@example.test,Region 0,municipality
Synthetic Municipality 36,Contact 36,synthetic36@example.test,Region 1,municipality
Synthetic Municipality 37,Contact 37,synthetic37@example.test,Region 2,municipality
Synthetic Municipality 38,Contact 38,synthetic38@example.test,Region 3,municipality
Synthetic Municipality 39,Contact 39,synthetic39@example.test,Region 4,municipality
Synthetic Municipality 40,Contact 40,synthetic40@example.test,Region 0,municipality
Synthetic Municipality 41,Contact 41,synthetic41@example.test,Region 1,municipality
Synthetic Municipality 42,Contact 42,synthetic42@example.test,Region 2,municipality
Synthetic Municipality 43,Contact 43,synthetic43@example.test,Region 3,municipality
Synthetic Municipality 44,Contact 44,synthetic44@example.test,Region 4,municipality
Synthetic Municipality 45,Contact 45,synthetic45@example.test,Region 0,municipality
Synthetic Municipality 46,Contact 46,synthetic46@example.test,Region 1,municipality
Synthetic Municipality 47,Contact 47,synthetic47@example.test,Region 2,municipality
Synthetic Municipality 48,Contact 48,synthetic48@example.test,Region 3,municipality
Synthetic Municipality 49,Contact 49,synthetic49@example.test,Region 4,municipality
Synthetic Municipality 50,Contact 50,synthetic50@example.test,Region 0,municipality
Synthetic Municipality 51,Contact 51,synthetic51@example.test,Region 1,municipality
Synthetic Municipality 52,Contact 52,synthetic52@example.test,Region 2,municipality
Synthetic Municipality 53,Contact 53,synthetic53@example.test,Region 3,municipality
Synthetic Municipality 54,Contact 54,synthetic54@example.test,Region 4,municipality
Synthetic Municipality 55,Contact 55,synthetic55@example.test,Region 0,municipality
Synthetic Municipality 56,Contact 56,synthetic56@example.test,Region 1,municipality
Synthetic Municipality 57,Contact 57,synthetic57@example.test,Region 2,municipality
Synthetic Municipality 58,Contact 58,synthetic58@example.test,Region 3,municipality
Synthetic Municipality 59,Contact 59,synthetic59@example.test,Region 4,municipality
Synthetic Municipality 60,Contact 60,synthetic60@example.test,Region 0,municipality
Synthetic Municipality 61,Contact 61,synthetic61@example.test,Region 1,municipality
Synthetic Municipality 62,Contact 62,synthetic62@example.test,Region 2,municipality
Synthetic Municipality 63,Contact 63,synthetic63@example.test,Region 3,municipality
Synthetic Municipality 64,Contact 64,synthetic64@example.test,Region 4,municipality
Synthetic Municipality 65,Contact 65,synthetic65@example.test,Region 0,municipality
Synthetic Municipality 66,Contact 66,synthetic66@example.test,Region 1,municipality
Synthetic Municipality 67,Contact 67,synthetic67@example.test,Region 2,municipality
Synthetic Municipality 68,Contact 68,synthetic68@example.test,Region 3,municipality
Synthetic Municipality 69,Contact 69,synthetic69@example.test,Region 4,municipality
Synthetic Municipality 70,Contact 70,synthetic70@example.test,Region 0,municipality
Synthetic Municipality 71,Contact 71,synthetic71@example.test,Region 1,municipality
Synthetic Municipality 72,Contact 72,synthetic72@example.test,Region 2,municipality
Synthetic Municipality 73,Contact 73,synthetic73@example.test,Region 3,municipality
Synthetic Municipality 74,Contact 74,synthetic74@example.test,Region 4,municipality
Synthetic Municipality 75,Contact 75,synthetic75@example.test,Region 0,municipality
Synthetic Municipality 76,Contact 76,synthetic76@example.test,Region 1,municipality
Synthetic Municipality 77,Contact 77,synthetic77@example.test,Region 2,municipality
Synthetic Municipality 78,Contact 78,synthetic78@example.test,Region 3,municipality
Synthetic Municipality 79,Contact 79,synthetic79@example.test,Region 4,municipality
Synthetic Municipality 80,Contact 80,synthetic80@example.test,Region 0,municipality
Synthetic Municipality 81,Contact 81,synthetic81@example.test,Region 1,municipality
Synthetic Municipality 82,Contact 82,synthetic82@example.test,Region 2,municipality
Synthetic Municipality 83,Contact 83,synthetic83@example.test,Region 3,municipality
Synthetic Municipality 84,Contact 84,synthetic84@example.test,Region 4,municipality
Synthetic Municipality 85,Contact 85,synthetic85@example.test,Region 0,municipality
Synthetic Municipality 86,Contact 86,synthetic86@example.test,Region 1,municipality
Synthetic Municipality 87,Contact 87,synthetic87@example.test,Region 2,municipality
Synthetic Municipality 88,Contact 88,synthetic88@example.test,Region 3,municipality
Synthetic Municipality 89,Contact 89,synthetic89@example.test,Region 4,municipality
Synthetic Municipality 90,Contact 90,synthetic90@example.test,Region 0,municipality
Synthetic Municipality 91,Contact 91,synthetic91@example.test,Region 1,municipality
Synthetic Municipality 92,Contact 92,synthetic92@example.test,Region 2,municipality
Synthetic Municipality 93,Contact 93,synthetic93@example.test,Region 3,municipality
Synthetic Municipality 94,Contact 94,synthetic94@example.test,Region 4,municipality
Synthetic Municipality 95,Contact 95,synthetic95@example.test,Region 0,municipality
Synthetic Municipality 96,Contact 96,synthetic96@example.test,Region 1,municipality
Synthetic Municipality 97,Contact 97,synthetic97@example.test,Region 2,municipality
Synthetic Municipality 98,Contact 98,synthetic98@example.test,Region 3,municipality
Synthetic Municipality 99,Contact 99,synthetic99@example.test,Region 4,municipality
Synthetic Municipality 100,Contact 100,synthetic100@example.test,Region 0,municipality
Synthetic Municipality 101,Contact 101,synthetic101@example.test,Region 1,municipality
Synthetic Municipality 102,Contact 102,synthetic102@example.test,Region 2,municipality
Synthetic Municipality 103,Contact 103,synthetic103@example.test,Region 3,municipality
Synthetic Municipality 104,Contact 104,synthetic104@example.test,Region 4,municipality
Synthetic Municipality 105,Contact 105,synthetic105@example.test,Region 0,municipality
Synthetic Municipality 106,Contact 106,synthetic106@example.test,Region 1,municipality
Synthetic Municipality 107,Contact 107,synthetic107@example.test,Region 2,municipality
Synthetic Municipality 108,Contact 108,synthetic108@example.test,Region 3,municipality
Synthetic Municipality 109,Contact 109,synthetic109@example.test,Region 4,municipality
Synthetic Municipality 110,Contact 110,synthetic110@example.test,Region 0,municipality
Synthetic Municipality 111,Contact 111,synthetic111@example.test,Region 1,municipality
Synthetic Municipality 112,Contact 112,synthetic112@example.test,Region 2,municipality
Synthetic Municipality 113,Contact 113,synthetic113@example.test,Region 3,municipality
Synthetic Municipality 114,Contact 114,synthetic114@example.test,Region 4,municipality
Synthetic Municipality 115,Contact 115,synthetic115@example.test,Region 0,municipality
Synthetic Municipality 116,Contact 116,synthetic116@example.test,Region 1,municipality
Synthetic Municipality 117,Contact 117,synthetic117@example.test,Region 2,municipality
Synthetic Municipality 118,Contact 118,synthetic118@example.test,Region 3,municipality
Synthetic Municipality 119,Contact 119,synthetic119@example.test,Region 4,municipality
Synthetic Municipality 120,Contact 120,synthetic120@example.test,Region 0,municipality
Synthetic Municipality 121,Contact 121,synthetic121@example.test,Region 1,municipality
Synthetic Municipality 122,Contact 122,synthetic122@example.test,Region 2,municipality
Synthetic Municipality 123,Contact 123,synthetic123@example.test,Region 3,municipality
Synthetic Municipality 124,Contact 124,synthetic124@example.test,Region 4,municipality
Synthetic Municipality 125,Contact 125,synthetic125@example.test,Region 0,municipality
Synthetic Municipality 126,Contact 126,synthetic126@example.test,Region 1,municipality
Synthetic Municipality 127,Contact 127,synthetic127@example.test,Region 2,municipality
Synthetic Municipality 128,Contact 128,synthetic128@example.test,Region 3,municipality
Synthetic Municipality 129,Contact 129,synthetic129@example.test,Region 4,municipality
Synthetic Municipality 130,Contact 130,synthetic130@example.test,Region 0,municipality
Synthetic Municipality 131,Contact 131,synthetic131@example.test,Region 1,municipality
Synthetic Municipality 132,Contact 132,synthetic132@example.test,Region 2,municipality
Synthetic Municipality 133,Contact 133,synthetic133@example.test,Region 3,municipality
Synthetic Municipality 134,Contact 134,synthetic134@example.test,Region 4,municipality
Synthetic Municipality 135,Contact 135,synthetic135@example.test,Region 0,municipality
Synthetic Municipality 136,Contact 136,synthetic136@example.test,Region 1,municipality
Synthetic Municipality 137,Contact 137,synthetic137@example.test,Region 2,municipality
Synthetic Municipality 138,Contact 138,synthetic138@example.test,Region 3,municipality
Synthetic Municipality 139,Contact 139,synthetic139@example.test,Region 4,municipality
Synthetic Municipality 140,Contact 140,synthetic140@example.test,Region 0,municipality
Synthetic Municipality 141,Contact 141,synthetic141@example.test,Region 1,municipality
Synthetic Municipality 142,Contact 142,synthetic142@example.test,Region 2,municipality
Synthetic Municipality 143,Contact 143,synthetic143@example.test,Region 3,municipality
Synthetic Municipality 144,Contact 144,synthetic144@example.test,Region 4,municipality
Synthetic Municipality 145,Contact 145,synthetic145@example.test,Region 0,municipality
Synthetic Municipality 146,Contact 146,synthetic146@example.test,Region 1,municipality
Synthetic Municipality 147,Contact 147,synthetic147@example.test,Region 2,municipality
Synthetic Municipality 148,Contact 148,synthetic148@example.test,Region 3,municipality
Synthetic Municipality 149,Contact 149,synthetic149@example.test,Region 4,municipality
Synthetic Municipality 150,Contact 150,synthetic150@example.test,Region 0,municipality
Synthetic Municipality 151,Contact 151,synthetic151@example.test,Region 1,municipality
Synthetic Municipality 152,Contact 152,synthetic152@example.test,Region 2,municipality
Synthetic Municipality 153,Contact 153,synthetic153@example.test,Region 3,municipality
Synthetic Municipality 154,Contact 154,synthetic154@example.test,Region 4,municipality
Synthetic Municipality 155,Contact 155,synthetic155@example.test,Region 0,municipality
Synthetic Municipality 156,Contact 156,synthetic156@example.test,Region 1,municipality
Synthetic Municipality 157,Contact 157,synthetic157@example.test,Region 2,municipality
Synthetic Municipality 158,Contact 158,synthetic158@example.test,Region 3,municipality
Synthetic Municipality 159,Contact 159,synthetic159@example.test,Region 4,municipality
Synthetic Municipality 160,Contact 160,synthetic160@example.test,Region 0,municipality
Synthetic Municipality 161,Contact 161,synthetic161@example.test,Region 1,municipality
Synthetic Municipality 162,Contact 162,synthetic162@example.test,Region 2,municipality
Synthetic Municipality 163,Contact 163,synthetic163@example.test,Region 3,municipality
Synthetic Municipality 164,Contact 164,synthetic164@example.test,Region 4,municipality
Synthetic Municipality 165,Contact 165,synthetic165@example.test,Region 0,municipality
Synthetic Municipality 166,Contact 166,synthetic166@example.test,Region 1,municipality
Synthetic Municipality 167,Contact 167,synthetic167@example.test,Region 2,municipality
Synthetic Municipality 168,Contact 168,synthetic168@example.test,Region 3,municipality
Synthetic Municipality 169,Contact 169,synthetic169@example.test,Region 4,municipality
Synthetic Municipality 170,Contact 170,synthetic170@example.test,Region 0,municipality
Synthetic Municipality 171,Contact 171,synthetic171@example.test,Region 1,municipality
Synthetic Municipality 172,Contact 172,synthetic172@example.test,Region 2,municipality
Synthetic Municipality 173,Contact 173,synthetic173@example.test,Region 3,municipality
Synthetic Municipality 174,Contact 174,synthetic174@example.test,Region 4,municipality
Synthetic Municipality 175,Contact 175,synthetic175@example.test,Region 0,municipality
Synthetic Municipality 176,Contact 176,synthetic176@example.test,Region 1,municipality
Synthetic Municipality 177,Contact 177,synthetic177@example.test,Region 2,municipality
Synthetic Municipality 178,Contact 178,synthetic178@example.test,Region 3,municipality
Synthetic Municipality 179,Contact 179,synthetic179@example.test,Region 4,municipality
Synthetic Municipality 180,Contact 180,synthetic180@example.test,Region 0,municipality
Synthetic Municipality 181,Contact 181,synthetic181@example.test,Region 1,municipality
Synthetic Municipality 182,Contact 182,synthetic182@example.test,Region 2,municipality
Synthetic Municipality 183,Contact 183,synthetic183@example.test,Region 3,municipality
Synthetic Municipality 184,Contact 184,synthetic184@example.test,Region 4,municipality
Synthetic Municipality 185,Contact 185,synthetic185@example.test,Region 0,municipality
Synthetic Municipality 186,Contact 186,synthetic186@example.test,Region 1,municipality
Synthetic Municipality 187,Contact 187,synthetic187@example.test,Region 2,municipality
Synthetic Municipality 188,Contact 188,synthetic188@example.test,Region 3,municipality
Synthetic Municipality 189,Contact 189,synthetic189@example.test,Region 4,municipality
Synthetic Municipality 190,Contact 190,synthetic190@example.test,Region 0,municipality
Synthetic Municipality 191,Contact 191,synthetic191@example.test,Region 1,municipality
Synthetic Municipality 192,Contact 192,synthetic192@example.test,Region 2,municipality
Synthetic Municipality 193,Contact 193,synthetic193@example.test,Region 3,municipality
Synthetic Municipality 194,Contact 194,synthetic194@example.test,Region 4,municipality
Synthetic Municipality 195,Contact 195,synthetic195@example.test,Region 0,municipality
Synthetic Municipality 196,Contact 196,synthetic196@example.test,Region 1,municipality
Synthetic Municipality 197,Contact 197,synthetic197@example.test,Region 2,municipality
Synthetic Municipality 198,Contact 198,synthetic198@example.test,Region 3,municipality
Synthetic Municipality 199,Contact 199,synthetic199@example.test,Region 4,municipality
Synthetic Municipality 200,Contact 200,synthetic200@example.test,Region 0,municipality
Synthetic Municipality 201,Contact 201,synthetic201@example.test,Region 1,municipality
Synthetic Municipality 202,Contact 202,synthetic202@example.test,Region 2,municipality
Synthetic Municipality 203,Contact 203,synthetic203@example.test,Region 3,municipality
Synthetic Municipality 204,Contact 204,synthetic204@example.test,Region 4,municipality
Synthetic Municipality 205,Contact 205,synthetic205@example.test,Region 0,municipality
Synthetic Municipality 206,Contact 206,synthetic206@example.test,Region 1,municipality
Synthetic Municipality 207,Contact 207,synthetic207@example.test,Region 2,municipality
Synthetic Municipality 208,Contact 208,synthetic208@example.test,Region 3,municipality
Synthetic Municipality 209,Contact 209,synthetic209@example.test,Region 4,municipality
Synthetic Municipality 210,Contact 210,synthetic210@example.test,Region 0,municipality
Synthetic Municipality 211,Contact 211,synthetic211@example.test,Region 1,municipality
Synthetic Municipality 212,Contact 212,synthetic212@example.test,Region 2,municipality
Synthetic Municipality 213,Contact 213,synthetic213@example.test,Region 3,municipality
Synthetic Municipality 214,Contact 214,synthetic214@example.test,Region 4,municipality
Synthetic Municipality 215,Contact 215,synthetic215@example.test,Region 0,municipality
Synthetic Municipality 216,Contact 216,synthetic216@example.test,Region 1,municipality
Synthetic Municipality 217,Contact 217,synthetic217@example.test,Region 2,municipality
Synthetic Municipality 218,Contact 218,synthetic218@example.test,Region 3,municipality
Synthetic Municipality 219,Contact 219,synthetic219@example.test,Region 4,municipality
Synthetic Municipality 220,Contact 220,synthetic220@example.test,Region 0,municipality
Synthetic Municipality 221,Contact 221,synthetic221@example.test,Region 1,municipality
Synthetic Municipality 222,Contact 222,synthetic222@example.test,Region 2,municipality
Synthetic Municipality 223,Contact 223,synthetic223@example.test,Region 3,municipality
Synthetic Municipality 224,Contact 224,synthetic224@example.test,Region 4,municipality
Synthetic Municipality 225,Contact 225,synthetic225@example.test,Region 0,municipality
Synthetic Municipality 226,Contact 226,synthetic226@example.test,Region 1,municipality
Synthetic Municipality 227,Contact 227,synthetic227@example.test,Region 2,municipality
Synthetic Municipality 228,Contact 228,synthetic228@example.test,Region 3,municipality
Synthetic Municipality 229,Contact 229,synthetic229@example.test,Region 4,municipality
Synthetic Municipality 230,Contact 230,synthetic230@example.test,Region 0,municipality
Synthetic Municipality 231,Contact 231,synthetic231@example.test,Region 1,municipality
Synthetic Municipality 232,Contact 232,synthetic232@example.test,Region 2,municipality
Synthetic Municipality 233,Contact 233,synthetic233@example.test,Region 3,municipality
Synthetic Municipality 234,Contact 234,synthetic234@example.test,Region 4,municipality
Synthetic Municipality 235,Contact 235,synthetic235@example.test,Region 0,municipality
Synthetic Municipality 236,Contact 236,synthetic236@example.test,Region 1,municipality
Synthetic Municipality 237,Contact 237,synthetic237@example.test,Region 2,municipality
Synthetic Municipality 238,Contact 238,synthetic238@example.test,Region 3,municipality
Synthetic Municipality 239,Contact 239,synthetic239@example.test,Region 4,municipality
Synthetic Municipality 240,Contact 240,synthetic240@example.test,Region 0,municipality
Synthetic Municipality 241,Contact 241,synthetic241@example.test,Region 1,municipality
Synthetic Municipality 242,Contact 242,synthetic242@example.test,Region 2,municipality
Synthetic Municipality 243,Contact 243,synthetic243@example.test,Region 3,municipality
Synthetic Municipality 244,Contact 244,synthetic244@example.test,Region 4,municipality
Synthetic Municipality 245,Contact 245,synthetic245@example.test,Region 0,municipality
Synthetic Municipality 246,Contact 246,synthetic246@example.test,Region 1,municipality
Synthetic Municipality 247,Contact 247,synthetic247@example.test,Region 2,municipality
Synthetic Municipality 248,Contact 248,synthetic248@example.test,Region 3,municipality
Synthetic Municipality 249,Contact 249,synthetic249@example.test,Region 4,municipality
Synthetic Municipality 250,Contact 250,synthetic250@example.test,Region 0,municipality
Synthetic Municipality 251,Contact 251,synthetic251@example.test,Region 1,municipality
Synthetic Municipality 252,Contact 252,synthetic252@example.test,Region 2,municipality
Synthetic Municipality 253,Contact 253,synthetic253@example.test,Region 3,municipality
Synthetic Municipality 254,Contact 254,synthetic254@example.test,Region 4,municipality
Synthetic Municipality 255,Contact 255,synthetic255@example.test,Region 0,municipality
Synthetic Municipality 256,Contact 256,synthetic256@example.test,Region 1,municipality
Synthetic Municipality 257,Contact 257,synthetic257@example.test,Region 2,municipality
Synthetic Municipality 258,Contact 258,synthetic258@example.test,Region 3,municipality
Synthetic Municipality 259,Contact 259,synthetic259@example.test,Region 4,municipality
Synthetic Municipality 260,Contact 260,synthetic260@example.test,Region 0,municipality
Synthetic Municipality 261,Contact 261,synthetic261@example.test,Region 1,municipality
Synthetic Municipality 262,Contact 262,synthetic262@example.test,Region 2,municipality
Synthetic Municipality 263,Contact 263,synthetic263@example.test,Region 3,municipality
Synthetic Municipality 264,Contact 264,synthetic264@example.test,Region 4,municipality
Synthetic Municipality 265,Contact 265,synthetic265@example.test,Region 0,municipality
Synthetic Municipality 266,Contact 266,synthetic266@example.test,Region 1,municipality
Synthetic Municipality 267,Contact 267,synthetic267@example.test,Region 2,municipality
Synthetic Municipality 268,Contact 268,synthetic268@example.test,Region 3,municipality
Synthetic Municipality 269,Contact 269,synthetic269@example.test,Region 4,municipality
Synthetic Municipality 270,Contact 270,synthetic270@example.test,Region 0,municipality
